British (English) vernacular name,AviList international English name,Scientific name,Category,Codes,† BBRC species,‡ BBRC subspecies,SEQ
Ruddy Duck,,Oxyura jamaicensis,C1E*,,,,10
Mute Swan,,Cygnus olor,AC2F,,,,20
Bewick's Swan,Tundra Swan,Cygnus columbianus,AEF,‡,,,30
Whooper Swan,,Cygnus cygnus,AE*F,,,,40
Brent Goose,Brant Goose,Branta bernicla,AEF,,,,50
Red-breasted Goose,,Branta ruficollis,AE*F,†,,,60
Canada Goose,,Branta canadensis,AC2E*,‡,,,70
Barnacle Goose,,Branta leucopsis,AC2E*F,,,,80
Cackling Goose,,Branta hutchinsii,AE,†,,,90
Ross's Goose,,Anser rossii,AE*,†,,,100
Snow Goose,,Anser caerulescens,AC2E*,,,,110
Greylag Goose,,Anser anser,AC2C4E*F,,,,120
Lesser White-fronted Goose,,Anser erythropus,AE*F,†,,,130
White-fronted Goose,Greater White-fronted Goose,Anser albifrons,AE*F,,,,140
Tundra Bean Goose,,Anser serrirostris,AE,,,,150
Pink-footed Goose,,Anser brachyrhynchus,AE*F,,,,160
Taiga Bean Goose,,Anser fabalis,AE*F,,,,170
Mandarin Duck,,Aix galericulata,C1E*,,,,180
Egyptian Goose,,Alopochen aegyptiaca,C1C5.2E*,,,,190
Shelduck,Common Shelduck,Tadorna tadorna,AF,,,,200
Ruddy Shelduck,,Tadorna ferruginea,BDE*F,†,,,210
Long-tailed Duck,,Clangula hyemalis,AF,,,,220
Steller's Eider,,Polysticta stelleri,A,†,,,230
King Eider,,Somateria spectabilis,A,†,,,240
Eider,Common Eider,Somateria mollissima,AF,,,,250
Harlequin Duck,,Histrionicus histrionicus,A,†,,,260
Common Scoter,,Melanitta nigra,AF,,,,270
Black Scoter,,Melanitta americana,A,†,,,280
Surf Scoter,,Melanitta perspicillata,AF,,,,290
Velvet Scoter,,Melanitta fusca,AF,,,,300
White-winged Scoter,,Melanitta deglandi,A,†,,,310
Stejneger's Scoter,,Melanitta stejnegeri,A,†,,,320
Bufflehead,,Bucephala albeola,AE,†,,,330
Barrow's Goldeneye,,Bucephala islandica,AE,†,,,340
Goldeneye,Common Goldeneye,Bucephala clangula,AE*F,,,,350
Smew,,Mergellus albellus,AF,,,,360
Hooded Merganser,,Lophodytes cucullatus,AE,†,,,370
Red-breasted Merganser,,Mergus serrator,AF,,,,380
Goosander,Common Merganser,Mergus merganser,AF,,,,390
Red-crested Pochard,,Netta rufina,AC2E*F,,,,400
Ferruginous Duck,,Aythya nyroca,AE,†,,,410
Pochard,Common Pochard,Aythya ferina,AE*F,,,,420
Canvasback,,Aythya valisineria,AE,†,,,430
Ring-necked Duck,,Aythya collaris,AE,,,,440
Redhead,,Aythya americana,AE,†,,,450
Tufted Duck,,Aythya fuligula,AF,,,,460
Lesser Scaup,,Aythya affinis,A,†,,,470
Scaup,Greater Scaup,Aythya marila,AF,,,,480
Baikal Teal,,Sibirionetta formosa,AE,†,,,490
Garganey,,Spatula querquedula,AF,,,,500
Blue-winged Teal,,Spatula discors,AE*,†,,,510
Shoveler,Northern Shoveler,Spatula clypeata,AF,,,,520
Falcated Duck,,Mareca falcata,AE,†,,,530
Gadwall,,Mareca strepera,AC2E*F,,,,540
Wigeon,Eurasian Wigeon,Mareca penelope,AE*F,,,,550
American Wigeon,,Mareca americana,AE,,,,560
Mallard,,Anas platyrhynchos,AC2C4E*F,,,,570
Black Duck,American Black Duck,Anas rubripes,A,†,,,580
Pintail,Northern Pintail,Anas acuta,AEF,,,,590
Teal,Green-winged Teal,Anas crecca,AF,,,,600
Ptarmigan,Rock Ptarmigan,Lagopus muta,AF,,,,610
Red Grouse,,Lagopus scotica,AF,,,,620
Capercaillie,Western Capercaillie,Tetrao urogallus,C3E*F,,,,630
Black Grouse,,Lyrurus tetrix,AEF,,,,640
Grey Partridge,,Perdix perdix,AC2E*F,,,,650
Golden Pheasant,,Chrysolophus pictus,C6E*,,,,660
Lady Amherst's Pheasant,,Chrysolophus amherstiae,C6E*,,,,670
Pheasant,Common Pheasant,Phasianus colchicus,C1E*F,,,,680
Quail,Common Quail,Coturnix coturnix,AE*F,,,,690
Red-legged Partridge,,Alectoris rufa,C1E*F,,,,700
Little Grebe,,Tachybaptus ruficollis,AF,,,,710
Pied-billed Grebe,,Podilymbus podiceps,A,†,,,720
Slavonian Grebe,Horned Grebe,Podiceps auritus,AF,,,,730
Red-necked Grebe,,Podiceps grisegena,AF,‡,,,740
Great Crested Grebe,,Podiceps cristatus,AF,,,,750
Black-necked Grebe,,Podiceps nigricollis,A,,,,760
Great Bustard,,Otis tarda,AE*F,†,,,770
Asian Houbara,,Chlamydotis macqueenii,A,†,,,780
Little Bustard,,Tetrax tetrax,AF,†,,,790
Great Spotted Cuckoo,,Clamator glandarius,A,†,,,800
Yellow-billed Cuckoo,,Coccyzus americanus,A,†,,,810
Black-billed Cuckoo,,Coccyzus erythropthalmus,A,†,,,820
Cuckoo,Common Cuckoo,Cuculus canorus,AF,,,,830
Pallas's Sandgrouse,,Syrrhaptes paradoxus,A,†,,,840
Mourning Dove,,Zenaida macroura,A,†,,,850
Oriental Turtle Dove,,Streptopelia orientalis,A,†,,,860
Turtle Dove,European Turtle Dove,Streptopelia turtur,AF,,,,870
Collared Dove,Eurasian Collared Dove,Streptopelia decaocto,A,,,,880
Woodpigeon,Common Wood Pigeon,Columba palumbus,AF,,,,890
Rock Dove,,Columba livia,AC4E*F,,,,900
Stock Dove,,Columba oenas,AF,,,,910
Sandhill Crane,,Antigone canadensis,A,†,,,920
Common Crane,,Grus grus,AE*F,,,,930
Water Rail,,Rallus aquaticus,AF,,,,940
Corncrake,Corn Crake,Crex crex,AE*F,,,,950
Sora,,Porzana carolina,A,†,,,960
Spotted Crake,,Porzana porzana,AF,,,,970
Moorhen,Common Moorhen,Gallinula chloropus,AF,,,,980
Coot,Eurasian Coot,Fulica atra,AF,,,,990
American Coot,,Fulica americana,A,†,,,1000
Allen's Gallinule,,Porphyrio alleni,A,†,,,1010
American Purple Gallinule,Purple Gallinule,Porphyrio martinica,A,†,,,1020
Purple Swamphen,,Porphyrio porphyrio,AE,†,,,1030
Little Crake,,Zapornia parva,A,†,,,1040
Baillon's Crake,,Zapornia pusilla,A,†,,,1050
Stone-curlew,Eurasian Stone-curlew,Burhinus oedicnemus,AF,,,,1060
Avocet,Pied Avocet,Recurvirostra avosetta,AEF,,,,1070
Black-winged Stilt,,Himantopus himantopus,A,,,,1080
Oystercatcher,Eurasian Oystercatcher,Haematopus ostralegus,AF,,,,1090
Grey Plover,,Pluvialis squatarola,AF,,,,1100
Golden Plover,European Golden Plover,Pluvialis apricaria,AF,,,,1110
American Golden Plover,,Pluvialis dominica,A,,,,1120
Pacific Golden Plover,,Pluvialis fulva,A,†,,,1130
Dotterel,Eurasian Dotterel,Eudromias morinellus,A,,,,1140
Killdeer,,Charadrius vociferus,A,†,,,1150
Ringed Plover,Common Ringed Plover,Charadrius hiaticula,AF,,,,1160
Semipalmated Plover,,Charadrius semipalmatus,A,†,,,1170
Little Ringed Plover,,Thinornis dubius,A,,,,1180
Lapwing,Northern Lapwing,Vanellus vanellus,AF,,,,1190
Grey-headed Lapwing,,Vanellus cinereus,A,†,,,1200
Sociable Lapwing,,Vanellus gregarius,A,†,,,1210
White-tailed Lapwing,,Vanellus leucurus,A,†,,,1220
Caspian Plover,,Anarhynchus asiaticus,A,†,,,1230
Tibetan Sand Plover,,Anarhynchus atrifrons,A,†,,,1240
Siberian Sand Plover,,Anarhynchus mongolus,A,†,,,1250
Greater Sand Plover,,Anarhynchus leschenaultii,A,†,,,1260
Kentish Plover,,Anarhynchus alexandrinus,A,†,,,1270
Upland Sandpiper,,Bartramia longicauda,A,†,,,1280
Eskimo Curlew,,Numenius borealis,B,† Possibly Extinct,,,1290
Little Whimbrel,Little Curlew,Numenius minutus,A,†,,,1300
Hudsonian Whimbrel,,Numenius hudsonicus,A,†,,,1310
Whimbrel,Eurasian Whimbrel,Numenius phaeopus,AF,,,,1320
Curlew,Eurasian Curlew,Numenius arquata,AF,,,,1330
Bar-tailed Godwit,,Limosa lapponica,AF,,,,1340
Black-tailed Godwit,,Limosa limosa,AF,,,,1350
Hudsonian Godwit,,Limosa haemastica,A,†,,,1360
Long-billed Dowitcher,,Limnodromus scolopaceus,A,†,,,1370
Short-billed Dowitcher,,Limnodromus griseus,A,†,,,1380
Jack Snipe,,Lymnocryptes minimus,AF,,,,1390
Woodcock,Eurasian Woodcock,Scolopax rusticola,AF,,,,1400
Great Snipe,,Gallinago media,AF,†,,,1410
Wilson's Snipe,,Gallinago delicata,A,†,,,1420
Snipe,Common Snipe,Gallinago gallinago,AF,,,,1430
Terek Sandpiper,,Xenus cinereus,A,†,,,1440
Common Sandpiper,,Actitis hypoleucos,A,,,,1450
Spotted Sandpiper,,Actitis macularius,A,†,,,1460
Wilson's Phalarope,,Phalaropus tricolor,A,†,,,1470
Grey Phalarope,Red Phalarope,Phalaropus fulicarius,AF,,,,1480
Red-necked Phalarope,,Phalaropus lobatus,AF,,,,1490
Green Sandpiper,,Tringa ochropus,AF,,,,1500
Solitary Sandpiper,,Tringa solitaria,A,†,,,1510
Grey-tailed Tattler,,Tringa brevipes,A,†,,,1520
Marsh Sandpiper,,Tringa stagnatilis,A,†,,,1530
Wood Sandpiper,,Tringa glareola,A,,,,1540
Redshank,Common Redshank,Tringa totanus,AF,,,,1550
Lesser Yellowlegs,,Tringa flavipes,A,,,,1560
Spotted Redshank,,Tringa erythropus,AF,,,,1570
Greenshank,Common Greenshank,Tringa nebularia,AF,,,,1580
Greater Yellowlegs,,Tringa melanoleuca,A,†,,,1590
Turnstone,Ruddy Turnstone,Arenaria interpres,AF,,,,1600
Knot,Red Knot,Calidris canutus,AF,,,,1610
Great Knot,,Calidris tenuirostris,A,†,,,1620
Ruff,,Calidris pugnax,AF,,,,1630
Sharp-tailed Sandpiper,,Calidris acuminata,A,†,,,1640
Broad-billed Sandpiper,,Calidris falcinellus,A,†,,,1650
Curlew Sandpiper,,Calidris ferruginea,A,,,,1660
Stilt Sandpiper,,Calidris himantopus,A,†,,,1670
Red-necked Stint,,Calidris ruficollis,A,†,,,1680
Temminck's Stint,,Calidris temminckii,A,,,,1690
Long-toed Stint,,Calidris subminuta,A,†,,,1700
Buff-breasted Sandpiper,,Calidris subruficollis,A,,,,1710
Sanderling,,Calidris alba,AF,,,,1720
Dunlin,,Calidris alpina,AF,,,,1730
Purple Sandpiper,,Calidris maritima,A,,,,1740
Baird's Sandpiper,,Calidris bairdii,A,†,,,1750
Pectoral Sandpiper,,Calidris melanotos,A,,,,1760
Semipalmated Sandpiper,,Calidris pusilla,A,†,,,1770
Western Sandpiper,,Calidris mauri,A,†,,,1780
Little Stint,,Calidris minuta,A,,,,1790
Least Sandpiper,,Calidris minutilla,A,†,,,1800
White-rumped Sandpiper,,Calidris fuscicollis,A,,,,1810
Cream-coloured Courser,Cream-colored Courser,Cursorius cursor,A,†,,,1820
Oriental Pratincole,,Glareola maldivarum,A,†,,,1830
Black-winged Pratincole,,Glareola nordmanni,A,†,,,1840
Collared Pratincole,,Glareola pratincola,A,†,,,1850
Arctic Skua,Parasitic Jaeger,Stercorarius parasiticus,AF,,,,1860
Long-tailed Skua,Long-tailed Jaeger,Stercorarius longicaudus,AF,,,,1870
Pomarine Skua,Pomarine Jaeger,Stercorarius pomarinus,AF,,,,1880
Great Skua,,Stercorarius skua,AF,,,,1890
South Polar Skua,,Stercorarius maccormicki,A,†,,,1900
Tufted Puffin,,Fratercula cirrhata,A,†,,,1910
Puffin,Atlantic Puffin,Fratercula arctica,AF,,,,1920
Ancient Murrelet,,Synthliboramphus antiquus,A,†,,,1930
Long-billed Murrelet,,Brachyramphus perdix,A,†,,,1940
Black Guillemot,,Cepphus grylle,AF,‡,,,1950
Razorbill,,Alca torda,AF,,,,1960
Great Auk,,Pinguinus impennis,BF,Extinct,,,1970
Little Auk,,Alle alle,AF,‡,,,1980
Brünnich's Guillemot,Thick-billed Murre,Uria lomvia,A,†,,,1990
Common Guillemot,Common Murre,Uria aalge,AF,,,,2000
Aleutian Tern,,Onychoprion aleuticus,A,†,,,2010
Sooty Tern,,Onychoprion fuscatus,A,†,,,2020
Bridled Tern,,Onychoprion anaethetus,A,†,,,2030
Little Tern,,Sternula albifrons,A,,,,2040
Least Tern,,Sternula antillarum,A,†,,,2050
Caspian Tern,,Hydroprogne caspia,A,†,,,2060
Gull-billed Tern,,Gelochelidon nilotica,A,†,,,2070
Whiskered Tern,,Chlidonias hybrida,A,†,,,2080
White-winged Black Tern,White-winged Tern,Chlidonias leucopterus,A,,,,2090
Black Tern,,Chlidonias niger,A,‡,,,2100
Sandwich Tern,,Thalasseus sandvicensis,AF,‡,,,2110
Elegant Tern,,Thalasseus elegans,A,†,,,2120
Royal Tern,,Thalasseus maximus,A,†,,,2130
Lesser Crested Tern,,Thalasseus bengalensis,A,†,,,2140
Forster's Tern,,Sterna forsteri,A,†,,,2150
Arctic Tern,,Sterna paradisaea,A,,,,2160
Common Tern,,Sterna hirundo,AF,,,,2170
Roseate Tern,,Sterna dougallii,A,,,,2180
Little Gull,,Hydrocoloeus minutus,AF,,,,2190
Ross's Gull,,Rhodostethia rosea,A,†,,,2200
Kittiwake,Black-legged Kittiwake,Rissa tridactyla,AF,,,,2210
Sabine's Gull,,Xema sabini,A,,,,2220
Ivory Gull,,Pagophila eburnea,A,†,,,2230
Slender-billed Gull,,Chroicocephalus genei,A,†,,,2240
Bonaparte's Gull,,Chroicocephalus philadelphia,A,†,,,2250
Black-headed Gull,,Chroicocephalus ridibundus,AF,,,,2260
Laughing Gull,,Leucophaeus atricilla,A,†,,,2270
Franklin's Gull,,Leucophaeus pipixcan,A,†,,,2280
Great Black-headed Gull,Pallas's Gull,Ichthyaetus ichthyaetus,B,†,,,2290
Audouin's Gull,,Ichthyaetus audouinii,A,†,,,2300
Mediterranean Gull,,Ichthyaetus melanocephalus,A,,,,2310
Ring-billed Gull,,Larus delawarensis,A,,,,2320
Common Gull,,Larus canus,AF,,,,2330
Caspian Gull,,Larus cachinnans,A,,,,2340
Kelp Gull,,Larus dominicanus,A,†,,,2350
American Herring Gull,,Larus smithsonianus,A,†,,,2360
Herring Gull,European Herring Gull,Larus argentatus,AF,,,,2370
Yellow-legged Gull,,Larus michahellis,A,‡,,,2380
Great Black-backed Gull,,Larus marinus,AF,,,,2390
Glaucous Gull,,Larus hyperboreus,AF,,,,2400
Lesser Black-backed Gull,,Larus fuscus,AF,‡,,,2410
Glaucous-winged Gull,,Larus glaucescens,A,†,,,2420
Slaty-backed Gull,,Larus schistisagus,A,†,,,2430
Iceland Gull,,Larus glaucoides,A,‡,,,2440
Red-billed Tropicbird,,Phaethon aethereus,AE,†,,,2450
Red-throated Diver,Red-throated Loon,Gavia stellata,AF,,,,2460
Great Northern Diver,Common Loon,Gavia immer,AF,,,,2470
White-billed Diver,Yellow-billed Loon,Gavia adamsii,A,,,,2480
Pacific Diver,Pacific Loon,Gavia pacifica,A,†,,,2490
Black-throated Diver,Black-throated Loon,Gavia arctica,AF,,,,2500
Atlantic Yellow-nosed Albatross,,Thalassarche chlororhynchos,A,†,,,2510
Black-browed Albatross,,Thalassarche melanophris,A,†,,,2520
Wilson's Storm-petrel,Wilson's Storm Petrel,Oceanites oceanicus,A,,,,2530
White-faced Storm-petrel,White-faced Storm Petrel,Pelagodroma marina,B,†,,,2540
European Storm-petrel,European Storm Petrel,Hydrobates pelagicus,AF,,,,2550
Band-rumped Storm-petrel,Band-rumped Storm Petrel,Hydrobates castro,A,†,,,2560
Swinhoe's Storm-petrel,Swinhoe's Storm Petrel,Hydrobates monorhis,A,†,,,2570
Leach's Storm-petrel,Leach's Storm Petrel,Hydrobates leucorhous,AF,,,,2580
Fulmar,Northern Fulmar,Fulmarus glacialis,AF,,,,2590
White-chinned Petrel,,Procellaria aequinoctialis,A,†,,,2600
Scopoli's Shearwater,,Calonectris diomedea,A,†,,,2610
Cory's Shearwater,,Calonectris borealis,AF,,,,2620
Sooty Shearwater,,Ardenna grisea,AF,,,,2630
Great Shearwater,,Ardenna gravis,A,,,,2640
Manx Shearwater,,Puffinus puffinus,AF,,,,2650
Mediterranean Shearwater,,Puffinus yelkouan,A,†,,,2660
Barolo Shearwater,,Puffinus baroli,A,†,,,2670
Soft-plumaged Petrel,,Pterodroma mollis,A,†,,,2680
Black-capped Petrel,,Pterodroma hasitata,A,†,,,2690
Zino's Petrel,,Pterodroma madeira,A,†,,,2700
Black Stork,,Ciconia nigra,AEF,†,,,2710
White Stork,,Ciconia ciconia,AEF,,,,2720
Ascension Frigatebird,,Fregata aquila,A,†,,,2730
Magnificent Frigatebird,,Fregata magnificens,A,†,,,2740
Gannet,Northern Gannet,Morus bassanus,AF,,,,2750
Red-footed Booby,,Sula sula,A,†,,,2760
Brown Booby,,Sula leucogaster,A,†,,,2770
Shag,European Shag,Gulosus aristotelis,AF,,,,2780
Double-crested Cormorant,,Nannopterum auritum,AE,†,,,2790
Cormorant,Great Cormorant,Phalacrocorax carbo,AF,,,,2800
Glossy Ibis,,Plegadis falcinellus,AE,,,,2810
Spoonbill,Eurasian Spoonbill,Platalea leucorodia,AEF,,,,2820
Dalmatian Pelican,,Pelecanus crispus,AEF,†,,,2830
Least Bittern,,Botaurus exilis,A,†,,,2840
Bittern,Eurasian Bittern,Botaurus stellaris,AF,,,,2850
American Bittern,,Botaurus lentiginosus,A,†,,,2860
Little Bittern,,Botaurus minutus,A,†,,,2870
Snowy Egret,,Egretta thula,A,†,,,2880
Little Egret,,Egretta garzetta,AF,,,,2890
Night-heron,Black-crowned Night Heron,Nycticorax nycticorax,AE*F,,,,2900
Green Heron,,Butorides virescens,A,†,,,2910
Chinese Pond Heron,,Ardeola bacchus,A,†,,,2920
Squacco Heron,,Ardeola ralloides,A,†,,,2930
Great White Egret,Great Egret,Ardea alba,A,,,,2940
Cattle Egret,Western Cattle Egret,Ardea ibis,AE,,,,2950
Purple Heron,,Ardea purpurea,A,,,,2960
Grey Heron,,Ardea cinerea,AF,,,,2970
Great Blue Heron,,Ardea herodias,A,†,,,2980
Common Nighthawk,,Chordeiles minor,A,†,,,2990
Red-necked Nightjar,,Caprimulgus ruficollis,B,†,,,3000
Nightjar,European Nightjar,Caprimulgus europaeus,AF,,,,3010
Egyptian Nightjar,,Caprimulgus aegyptius,A,†,,,3020
White-throated Needletail,,Hirundapus caudacutus,A,†,,,3030
Chimney Swift,,Chaetura pelagica,A,†,,,3040
Alpine Swift,,Tachymarptis melba,AF,,,,3050
Fork-tailed Swift,,Apus pacificus,A,†,,,3060
White-rumped Swift,,Apus caffer,A,†,,,3070
Little Swift,,Apus affinis,A,†,,,3080
Swift,Common Swift,Apus apus,AF,,,,3090
Pallid Swift,,Apus pallidus,A,†,,,3100
Barn Owl,Western Barn Owl,Tyto alba,AE*F,‡,,,3110
Tengmalm's Owl,Boreal Owl,Aegolius funereus,AF,†,,,3120
Little Owl,,Athene noctua,C1E*F,,,,3130
Hawk Owl,Northern Hawk-Owl,Surnia ulula,AF,†,,,3140
Scops Owl,Eurasian Scops Owl,Otus scops,A,†,,,3150
Short-eared Owl,,Asio flammeus,AF,,,,3160
Long-eared Owl,,Asio otus,AF,,,,3170
Snowy Owl,,Bubo scandiacus,AEF,†,,,3180
Tawny Owl,,Strix aluco,AF,,,,3190
Osprey,,Pandion haliaetus,AE*F,,,,3200
Black-winged Kite,,Elanus caeruleus,A,†,,,3210
Egyptian Vulture,,Neophron percnopterus,AE,†,,,3220
Honey-buzzard,European Honey Buzzard,Pernis apivorus,A,,,,3230
Short-toed Eagle,Short-toed Snake Eagle,Circaetus gallicus,A,†,,,3240
Spotted Eagle,Greater Spotted Eagle,Clanga clanga,B,†,,,3250
Booted Eagle,,Hieraaetus pennatus,AE,†,,,3260
Golden Eagle,,Aquila chrysaetos,AEF,,,,3270
Sparrowhawk,Eurasian Sparrowhawk,Accipiter nisus,AF,,,,3280
Goshawk,Eurasian Goshawk,Astur gentilis,AC3E*F,,,,3290
Pallid Harrier,,Circus macrourus,A,†,,,3300
Hen Harrier,,Circus cyaneus,AF,,,,3310
Northern Harrier,,Circus hudsonius,A,†,,,3320
Montagu's Harrier,,Circus pygargus,AF,,,,3330
Marsh Harrier,Western Marsh Harrier,Circus aeruginosus,AF,,,,3340
Red Kite,,Milvus milvus,AC3E*F,,,,3350
Black Kite,,Milvus migrans,AE,,,,3360
White-tailed Eagle,,Haliaeetus albicilla,AC3E*F,,,,3370
Rough-legged Buzzard,,Buteo lagopus,AEF,,,,3380
Buzzard,Common Buzzard,Buteo buteo,AE*F,,,,3390
Long-legged Buzzard,,Buteo rufinus,A,†,,,3400
Hoopoe,Common Hoopoe,Upupa epops,AE,,,,3410
Roller,European Roller,Coracias garrulus,A,†,,,3420
Bee-eater,European Bee-eater,Merops apiaster,A,,,,3430
Blue-cheeked Bee-eater,,Merops persicus,A,†,,,3440
Kingfisher,Common Kingfisher,Alcedo atthis,AF,,,,3450
Belted Kingfisher,,Megaceryle alcyon,A,†,,,3460
Wryneck,Eurasian Wryneck,Jynx torquilla,AF,,,,3470
Green Woodpecker,European Green Woodpecker,Picus viridis,AF,,,,3480
Yellow-bellied Sapsucker,,Sphyrapicus varius,A,†,,,3490
Great Spotted Woodpecker,,Dendrocopos major,AF,,,,3500
Lesser Spotted Woodpecker,,Dryobates minor,AF,,,,3510
Lesser Kestrel,,Falco naumanni,A,†,,,3520
Kestrel,Common Kestrel,Falco tinnunculus,AF,,,,3530
American Kestrel,,Falco sparverius,AE,†,,,3540
Red-footed Falcon,,Falco vespertinus,A,,,,3550
Amur Falcon,,Falco amurensis,AE,†,,,3560
Merlin,,Falco columbarius,AF,‡,,,3570
Eleonora's Falcon,,Falco eleonorae,A,†,,,3580
Hobby,Eurasian Hobby,Falco subbuteo,AF,,,,3590
Peregrine,Peregrine Falcon,Falco peregrinus,AEF,,,,3600
Gyr Falcon,Gyrfalcon,Falco rusticolus,AEF,†,,,3610
Ring-necked Parakeet,Rose-ringed Parakeet,Psittacula krameri,C1E*,,,,3620
Eastern Kingbird,,Tyrannus tyrannus,A,†,,,3630
Eastern Phoebe,,Sayornis phoebe,A,†,,,3640
Acadian Flycatcher,,Empidonax virescens,A,†,,,3650
Alder Flycatcher,,Empidonax alnorum,A,†,,,3660
Yellow-bellied Flycatcher,,Empidonax flaviventris,A,†,,,3670
Philadelphia Vireo,,Vireo philadelphicus,A,†,,,3680
Red-eyed Vireo,,Vireo olivaceus,A,†,,,3690
Yellow-throated Vireo,,Vireo flavifrons,A,†,,,3700
Golden Oriole,Eurasian Golden Oriole,Oriolus oriolus,A,,,,3710
Great Grey Shrike,,Lanius excubitor,AEF,‡,,,3720
Masked Shrike,,Lanius nubicus,A,†,,,3730
Lesser Grey Shrike,,Lanius minor,A,†,,,3740
Woodchat Shrike,,Lanius senator,A,‡,,,3750
Daurian Shrike,Isabelline Shrike,Lanius isabellinus,A,†,,,3760
Red-backed Shrike,,Lanius collurio,AF,,,,3770
Turkestan Shrike,Red-tailed Shrike,Lanius phoenicuroides,A,†,,,3780
Long-tailed Shrike,,Lanius schach,A,†,,,3790
Brown Shrike,,Lanius cristatus,A,†,,,3800
Chough,Red-billed Chough,Pyrrhocorax pyrrhocorax,AE*F,,,,3810
Jay,Eurasian Jay,Garrulus glandarius,AF,,,,3820
Magpie,Eurasian Magpie,Pica pica,AF,,,,3830
Nutcracker,Northern Nutcracker,Nucifraga caryocatactes,AF,†,,,3840
Jackdaw,Western Jackdaw,Coloeus monedula,AF,,,,3850
Rook,,Corvus frugilegus,AF,,,,3860
Raven,Northern Raven,Corvus corax,AF,,,,3870
Carrion Crow,,Corvus corone,AF,,,,3880
Penduline Tit,Eurasian Penduline Tit,Remiz pendulinus,A,,,,3890
Blue Tit,Eurasian Blue Tit,Cyanistes caeruleus,AF,,,,3900
Great Tit,,Parus major,AF,,,,3910
Coal Tit,,Periparus ater,AF,,,,3920
Crested Tit,,Lophophanes cristatus,A,‡,,,3930
Marsh Tit,,Poecile palustris,A,,,,3940
Willow Tit,,Poecile montanus,A,‡,,,3950
Bearded Tit,Bearded Reedling,Panurus biarmicus,A,,,,3960
Woodlark,,Lullula arborea,AF,,,,3970
White-winged Lark,,Alauda leucoptera,A,†,,,3980
Skylark,Eurasian Skylark,Alauda arvensis,AF,,,,3990
Crested Lark,,Galerida cristata,AEF,†,,,4000
Shore Lark,Horned Lark,Eremophila alpestris,AF,‡,,,4010
Short-toed Lark,Greater Short-toed Lark,Calandrella brachydactyla,A,,,,4020
Bimaculated Lark,,Melanocorypha bimaculata,A,†,,,4030
Black Lark,,Melanocorypha yeltoniensis,A,†,,,4040
Calandra Lark,,Melanocorypha calandra,A,†,,,4050
Zitting Cisticola,,Cisticola juncidis,A,†,,,4060
Icterine Warbler,,Hippolais icterina,A,,,,4070
Melodious Warbler,,Hippolais polyglotta,A,,,,4080
Olive-tree Warbler,,Hippolais olivetorum,A,†,,,4090
Thick-billed Warbler,,Arundinax aedon,A,†,,,4100
Booted Warbler,,Iduna caligata,A,†,,,4110
Sykes's Warbler,,Iduna rama,A,†,,,4120
Eastern Olivaceous Warbler,,Iduna pallida,A,†,,,4130
Western Olivaceous Warbler,,Iduna opaca,A,†,,,4140
Sedge Warbler,,Acrocephalus schoenobaenus,AF,,,,4150
Aquatic Warbler,,Acrocephalus paludicola,A,†,,,4160
Paddyfield Warbler,,Acrocephalus agricola,A,†,,,4170
Blyth's Reed Warbler,,Acrocephalus dumetorum,A,,,,4180
Marsh Warbler,,Acrocephalus palustris,A,,,,4190
Reed Warbler,Common Reed Warbler,Acrocephalus scirpaceus,A,‡,,,4200
Great Reed Warbler,,Acrocephalus arundinaceus,A,†,,,4210
Pallas's Grasshopper Warbler,,Helopsaltes certhiola,A,†,,,4220
Lanceolated Warbler,,Locustella lanceolata,A,†,,,4230
River Warbler,,Locustella fluviatilis,A,†,,,4240
Savi's Warbler,,Locustella luscinioides,A,†,,,4250
Grasshopper Warbler,Common Grasshopper Warbler,Locustella naevia,A,‡,,,4260
Sand Martin,,Riparia riparia,AF,,,,4270
Tree Swallow,,Tachycineta bicolor,A,†,,,4280
Purple Martin,,Progne subis,A,†,,,4290
Crag Martin,Eurasian Crag Martin,Ptyonoprogne rupestris,AF,†,,,4300
Swallow,Barn Swallow,Hirundo rustica,AEF,,,,4310
House Martin,Western House Martin,Delichon urbicum,AF,,,,4320
Red-rumped Swallow,European Red-rumped Swallow,Cecropis rufula,A,,,,4330
Eastern Red-rumped Swallow,,Cecropis daurica,A,†,,,4340
American Cliff Swallow,,Petrochelidon pyrrhonota,A,†,,,4350
Long-tailed Tit,,Aegithalos caudatus,AF,‡,,,4360
Cetti's Warbler,,Cettia cetti,A,,,,4370
Wood Warbler,,Phylloscopus sibilatrix,A,,,,4380
Western Bonelli's Warbler,,Phylloscopus bonelli,A,†,,,4390
Eastern Bonelli's Warbler,,Phylloscopus orientalis,A,†,,,4400
Yellow-browed Warbler,,Phylloscopus inornatus,A,,,,4410
Hume's Warbler,Hume's Leaf Warbler,Phylloscopus humei,A,†,,,4420
Pallas's Warbler,Pallas's Leaf Warbler,Phylloscopus proregulus,A,,,,4430
Radde's Warbler,,Phylloscopus schwarzi,A,,,,4440
Sulphur-bellied Warbler,,Phylloscopus griseolus,A,†,,,4450
Dusky Warbler,,Phylloscopus fuscatus,A,,,,4460
Willow Warbler,,Phylloscopus trochilus,A,,,,4470
Iberian Chiffchaff,,Phylloscopus ibericus,A,†,,,4480
Chiffchaff,Common Chiffchaff,Phylloscopus collybita,A,,,,4490
Eastern Crowned Warbler,,Phylloscopus coronatus,A,†,,,4500
Green Warbler,,Phylloscopus nitidus,A,†,,,4510
Two-barred Greenish Warbler,Two-barred Warbler,Phylloscopus plumbeitarsus,A,†,,,4520
Greenish Warbler,,Phylloscopus trochiloides,A,,,,4530
Pale-legged Leaf Warbler,,Phylloscopus tenellipes,A,†,,,4540
Arctic Warbler,,Phylloscopus borealis,A,,,,4550
Garden Warbler,,Sylvia borin,AF,,,,4560
Blackcap,Eurasian Blackcap,Sylvia atricapilla,AF,,,,4570
Barred Warbler,,Curruca nisoria,A,,,,4580
Lesser Whitethroat,,Curruca curruca,AF,‡,,,4590
Western Orphean Warbler,,Curruca hortensis,A,†,,,4600
Eastern Orphean Warbler,,Curruca crassirostris,A,†,,,4610
Asian Desert Warbler,,Curruca nana,A,†,,,4620
Whitethroat,Common Whitethroat,Curruca communis,AF,,,,4630
Spectacled Warbler,,Curruca conspicillata,A,†,,,4640
Marmora's Warbler,,Curruca sarda,A,†,,,4650
Dartford Warbler,,Curruca undata,A,,,,4660
Rüppell's Warbler,,Curruca ruppeli,A,†,,,4670
Sardinian Warbler,,Curruca melanocephala,A,†,,,4680
Moltoni's Warbler,,Curruca subalpina,A,†,,,4690
Western Subalpine Warbler,,Curruca iberiae,A,†,,,4700
Eastern Subalpine Warbler,,Curruca cantillans,A,†,,,4710
Cedar Waxwing,,Bombycilla cedrorum,AE,†,,,4720
Waxwing,Bohemian Waxwing,Bombycilla garrulus,AEF,,,,4730
Ruby-crowned Kinglet,,Corthylio calendula,A,†,,,4740
Firecrest,Common Firecrest,Regulus ignicapilla,A,,,,4750
Goldcrest,,Regulus regulus,AF,,,,4760
Wallcreeper,,Tichodroma muraria,A,†,,,4770
Red-breasted Nuthatch,,Sitta canadensis,A,†,,,4780
Nuthatch,Eurasian Nuthatch,Sitta europaea,AF,,,,4790
Treecreeper,Eurasian Treecreeper,Certhia familiaris,AF,‡,,,4800
Short-toed Treecreeper,,Certhia brachydactyla,A,†,,,4810
Wren,Eurasian Wren,Troglodytes troglodytes,AF,,,,4820
Grey Catbird,,Dumetella carolinensis,A,†,,,4830
Brown Thrasher,,Toxostoma rufum,A,†,,,4840
Northern Mockingbird,,Mimus polyglottos,AE,†,,,4850
Starling,Common Starling,Sturnus vulgaris,AF,,,,4860
Rose-coloured Starling,Rosy Starling,Pastor roseus,AE,,,,4870
Dipper,White-throated Dipper,Cinclus cinclus,AF,‡,,,4880
White's Thrush,,Zoothera aurea,A,†,,,4890
Varied Thrush,,Ixoreus naevius,A,†,,,4900
Wood Thrush,,Hylocichla mustelina,A,†,,,4910
Swainson's Thrush,,Catharus ustulatus,A,†,,,4920
Veery,,Catharus fuscescens,A,†,,,4930
Grey-cheeked Thrush,,Catharus minimus,A,†,,,4940
Hermit Thrush,,Catharus guttatus,A,†,,,4950
Siberian Thrush,,Geokichla sibirica,AE,†,,,4960
Mistle Thrush,,Turdus viscivorus,AF,,,,4970
Song Thrush,,Turdus philomelos,AF,,,,4980
Redwing,,Turdus iliacus,AF,,,,4990
Blackbird,Common Blackbird,Turdus merula,AF,,,,5000
Fieldfare,,Turdus pilaris,AF,,,,5010
Ring Ouzel,,Turdus torquatus,AF,,,,5020
Red-throated Thrush,,Turdus ruficollis,A,†,,,5030
Black-throated Thrush,,Turdus atrogularis,A,†,,,5040
Naumann's Thrush,,Turdus naumanni,A,†,,,5050
Dusky Thrush,,Turdus eunomus,A,†,,,5060
Eyebrowed Thrush,,Turdus obscurus,A,†,,,5070
American Robin,,Turdus migratorius,AE,†,,,5080
Rufous-tailed Scrub Robin,,Cercotrichas galactotes,A,†,,,5090
Asian Brown Flycatcher,,Muscicapa dauurica,A,†,,,5100
Spotted Flycatcher,,Muscicapa striata,AF,,,,5110
Robin,European Robin,Erithacus rubecula,AF,,,,5120
White-throated Robin,,Irania gutturalis,A,†,,,5130
Thrush Nightingale,,Luscinia luscinia,AF,†,,,5140
Nightingale,Common Nightingale,Luscinia megarhynchos,A,‡,,,5150
Bluethroat,,Luscinia svecica,A,‡,,,5160
Siberian Rubythroat,,Calliope calliope,A,†,,,5170
Siberian Blue Robin,,Larvivora cyane,A,†,,,5180
Rufous-tailed Robin,,Larvivora sibilans,A,†,,,5190
Red-breasted Flycatcher,,Ficedula parva,A,,,,5200
Taiga Flycatcher,,Ficedula albicilla,A,†,,,5210
Collared Flycatcher,,Ficedula albicollis,A,†,,,5220
Pied Flycatcher,European Pied Flycatcher,Ficedula hypoleuca,A,‡,,,5230
Red-flanked Bluetail,,Tarsiger cyanurus,AE,,,,5240
Black Redstart,,Phoenicurus ochruros,AF,‡,,,5250
Moussier's Redstart,,Phoenicurus moussieri,A,†,,,5260
Redstart,Common Redstart,Phoenicurus phoenicurus,AF,,,,5270
Rock Thrush,Common Rock Thrush,Monticola saxatilis,A,†,,,5280
Blue Rock Thrush,,Monticola solitarius,AE,†,,,5290
Whinchat,,Saxicola rubetra,AF,,,,5300
Siberian Stonechat,,Saxicola maurus,A,†,,,5310
Stonechat,European Stonechat,Saxicola rubicola,A,,,,5320
Desert Wheatear,,Oenanthe deserti,A,†,,,5330
Western Black-eared Wheatear,,Oenanthe hispanica,A,†,,,5340
Pied Wheatear,,Oenanthe pleschanka,A,†,,,5350
Eastern Black-eared Wheatear,,Oenanthe melanoleuca,A,†,,,5360
Wheatear,Northern Wheatear,Oenanthe oenanthe,AF,,,,5370
Isabelline Wheatear,,Oenanthe isabellina,A,†,,,5380
White-crowned Black Wheatear,White-crowned Wheatear,Oenanthe leucopyga,A,†,,,5390
Alpine Accentor,,Prunella collaris,A,†,,,5400
Dunnock,,Prunella modularis,AF,,,,5410
Siberian Accentor,,Prunella montanella,A,†,,,5420
Rock Sparrow,,Petronia petronia,A,†,,,5430
Tree Sparrow,Eurasian Tree Sparrow,Passer montanus,AF,,,,5440
Spanish Sparrow,,Passer hispaniolensis,A,†,,,5450
House Sparrow,,Passer domesticus,AF,,,,5460
Grey Wagtail,,Motacilla cinerea,AF,,,,5470
Yellow Wagtail,Western Yellow Wagtail,Motacilla flava,AF,‡,,,5480
Citrine Wagtail,,Motacilla citreola,A,,,,5490
Eastern Yellow Wagtail,,Motacilla tschutschensis,A,†,,,5500
Pied Wagtail,White Wagtail,Motacilla alba,AF,‡,,,5510
Blyth's Pipit,,Anthus godlewskii,A,†,,,5520
Tawny Pipit,,Anthus campestris,A,†,,,5530
Richard's Pipit,,Anthus richardi,AF,,,,5540
Pechora Pipit,,Anthus gustavi,A,†,,,5550
Tree Pipit,,Anthus trivialis,A,,,,5560
Olive-backed Pipit,,Anthus hodgsoni,A,,,,5570
Red-throated Pipit,,Anthus cervinus,A,†,,,5580
American Pipit,,Anthus rubescens,A,†,,,5590
Meadow Pipit,,Anthus pratensis,AF,,,,5600
Rock Pipit,European Rock Pipit,Anthus petrosus,AF,,,,5610
Water Pipit,,Anthus spinoletta,AF,,,,5620
Brambling,,Fringilla montifringilla,AF,,,,5630
Chaffinch,Eurasian Chaffinch,Fringilla coelebs,AEF,,,,5640
Evening Grosbeak,,Hesperiphona vespertina,A,†,,,5650
Hawfinch,,Coccothraustes coccothraustes,AF,,,,5660
Common Rosefinch,,Carpodacus erythrinus,A,,,,5670
Pine Grosbeak,,Pinicola enucleator,AEF,†,,,5680
Bullfinch,Eurasian Bullfinch,Pyrrhula pyrrhula,AF,,,,5690
Trumpeter Finch,,Bucanetes githagineus,AE,†,,,5700
Greenfinch,European Greenfinch,Chloris chloris,AEF,,,,5710
Twite,,Linaria flavirostris,AF,,,,5720
Linnet,Common Linnet,Linaria cannabina,AF,,,,5730
Redpoll,,Acanthis flammea,AF,‡,,,5740
Two-barred Crossbill,,Loxia leucoptera,A,†,,,5750
Parrot Crossbill,,Loxia pytyopsittacus,A,,,,5760
Scottish Crossbill,,Loxia scotica,A,,,,5770
Crossbill,Red Crossbill,Loxia curvirostra,AF,,,,5780
Citril Finch,,Carduelis citrinella,A,†,,,5790
Goldfinch,European Goldfinch,Carduelis carduelis,AF,,,,5800
Serin,European Serin,Serinus serinus,AF,,,,5810
Siskin,Eurasian Siskin,Spinus spinus,A,,,,5820
Snow Bunting,,Plectrophenax nivalis,AF,,,,5830
Lapland Bunting,Lapland Longspur,Calcarius lapponicus,AF,,,,5840
Pallas's Reed Bunting,,Emberiza pallasi,A,†,,,5850
Reed Bunting,Common Reed Bunting,Emberiza schoeniclus,AF,,,,5860
Yellow-browed Bunting,,Emberiza chrysophrys,A,†,,,5870
Chestnut Bunting,,Emberiza rutila,AE,†,,,5880
Yellow-breasted Bunting,,Emberiza aureola,AE,†,,,5890
Little Bunting,,Emberiza pusilla,A,,,,5900
Rustic Bunting,,Emberiza rustica,A,†,,,5910
Black-faced Bunting,,Emberiza spodocephala,AE,†,,,5920
Black-headed Bunting,,Emberiza melanocephala,AE,†,,,5930
Red-headed Bunting,,Emberiza bruniceps,AE,†,,,5940
Corn Bunting,,Emberiza calandra,AF,,,,5950
Chestnut-eared Bunting,,Emberiza fucata,A,†,,,5960
Rock Bunting,,Emberiza cia,A,†,,,5970
Ortolan Bunting,,Emberiza hortulana,AE,,,,5980
Cretzschmar's Bunting,,Emberiza caesia,A,†,,,5990
Cirl Bunting,,Emberiza cirlus,A,,,,6000
Pine Bunting,,Emberiza leucocephalos,A,†,,,6010
Yellowhammer,,Emberiza citrinella,AF,,,,6020
Lark Sparrow,,Chondestes grammacus,A,†,,,6030
Dark-eyed Junco,,Junco hyemalis,AE,†,,,6040
White-throated Sparrow,,Zonotrichia albicollis,AE,†,,,6050
White-crowned Sparrow,,Zonotrichia leucophrys,AE,†,,,6060
Savannah Sparrow,,Passerculus sandwichensis,A,†,,,6070
Song Sparrow,,Melospiza melodia,AE,†,,,6080
Eastern Towhee,,Pipilo erythrophthalmus,A,†,,,6090
Bobolink,,Dolichonyx oryzivorus,A,†,,,6100
Baltimore Oriole,,Icterus galbula,AE,†,,,6110
Red-winged Blackbird,,Agelaius phoeniceus,AE,†,,,6120
Brown-headed Cowbird,,Molothrus ater,A,†,,,6130
Ovenbird,,Seiurus aurocapilla,A,†,,,6140
Northern Waterthrush,,Parkesia noveboracensis,A,†,,,6150
Black-and-white Warbler,,Mniotilta varia,A,†,,,6160
Golden-winged Warbler,,Vermivora chrysoptera,A,†,,,6170
Tennessee Warbler,,Leiothlypis peregrina,A,†,,,6180
Common Yellowthroat,,Geothlypis trichas,A,†,,,6190
American Redstart,,Setophaga ruticilla,AE,†,,,6200
Hooded Warbler,,Setophaga citrina,A,†,,,6210
Northern Parula,,Setophaga americana,AE,†,,,6220
Magnolia Warbler,,Setophaga magnolia,AE,†,,,6230
Blackburnian Warbler,,Setophaga fusca,A,†,,,6240
Blackpoll Warbler,,Setophaga striata,AE,†,,,6250
Bay-breasted Warbler,,Setophaga castanea,A,†,,,6260
Chestnut-sided Warbler,,Setophaga pensylvanica,A,†,,,6270
Yellow Warbler,American Yellow Warbler,Setophaga aestiva,A,†,,,6280
Cape May Warbler,,Setophaga tigrina,A,†,,,6290
Yellow-rumped Warbler,,Setophaga coronata,A,†,,,6300
Canada Warbler,,Cardellina canadensis,A,†,,,6310
Wilson's Warbler,,Cardellina pusilla,A,†,,,6320
Rose-breasted Grosbeak,,Pheucticus ludovicianus,AF,†,,,6330
Indigo Bunting,,Passerina cyanea,AE,†,,,6340
Summer Tanager,,Piranga rubra,A,†,,,6350
Scarlet Tanager,,Piranga olivacea,A,†,,,6360