common_name,scientific_name,image_url,extract,iucn_code,iucn_label
European Robin,Erithacus rubecula,https://thumb.wikimedia.org/wikipedia/commons/thumb/f/f3/Erithacus_rubecula_with_cocked_head.jpg/330px-Erithacus_rubecula_with_cocked_head.jpg?utm_source=en.wikipedia.org&utm_campaign=api&utm_content=thumbnail,"The European robin, known simply as the robin or robin redbreast in the British Isles, is a small insectivorous passerine bird belonging to the Old World flycatcher family Muscicapidae. It is found across Europe, as far east as Western Siberia, and as far south as North Africa. It is sedentary in the west and south of its range, and migratory in the north and east of its range where winters are harsher.",LC,Least Concern
Blue Tit,Cyanistes caeruleus,https://upload.wikimedia.org/wikipedia/commons/thumb/8/86/Eurasian_blue_tit_Lancashire.jpg/330px-Eurasian_blue_tit_Lancashire.jpg?utm_source=en.wikipedia.org&utm_campaign=api&utm_content=thumbnail,"The Eurasian blue tit is a small passerine bird in the tit family, Paridae. It is easily recognised by its blue and yellow plumage and small size.",LC,Least Concern
Eurasian Blackbird,Turdus merula,https://upload.wikimedia.org/wikipedia/commons/thumb/a/a9/Common_Blackbird.jpg/330px-Common_Blackbird.jpg?utm_source=en.wikipedia.org&utm_campaign=api&utm_content=thumbnail,"The common blackbird is a species of true thrush. It is also known as the Eurasian blackbird, or simply the blackbird. It breeds in Europe, western Asia, and North Africa, and has been introduced to Australia and New Zealand. It has a number of subspecies across its large range; a few former Asian subspecies are now widely treated as separate species. Depending on latitude, the common blackbird may be resident, partially migratory, or fully migratory.",LC,Least Concern
Wood Pigeon,Columba palumbus,https://upload.wikimedia.org/wikipedia/commons/thumb/3/33/Columba_palumbus_EM1B1397_%2827445478998%29.jpg/330px-Columba_palumbus_EM1B1397_%2827445478998%29.jpg?utm_source=en.wikipedia.org&utm_campaign=api&utm_content=thumbnail,"The common wood pigeon, also known simply as the wood pigeon, is a large pigeon native to the western Palearctic. It belongs to the genus Columba, which includes closely related species such as the rock dove. It has a flexible diet, feeding mainly on plant material, including cereals, and is therefore considered an agricultural pest. Wood pigeons are extensively hunted over much of their range, but this does not appear to have a major impact on their population numbers.",LC,Least Concern
House Sparrow,Passer domesticus,https://upload.wikimedia.org/wikipedia/commons/thumb/9/9b/House_sparrow_male_in_Prospect_Park_%2853532%29.jpg/330px-House_sparrow_male_in_Prospect_Park_%2853532%29.jpg?utm_source=en.wikipedia.org&utm_campaign=api&utm_content=thumbnail,"The house sparrow was a bird of the sparrow family Passeridae, found in most parts of the world. It is a small bird that has a typical length of 16 cm (6.3 in) and a mass of 24–39.5 g (0.85–1.39 oz). Females and young birds are coloured pale brown and grey, and males have brighter black, white, and brown markings. One of 28 species in the genus Passer, the house sparrow is native to most of Europe, the Mediterranean Basin, and a large part of Asia. Its intentional or accidental introductions to many regions, including parts of Australasia, Africa, and the Americas, make it the most widely distributed wild bird.",LC,Least Concern
Great Tit,Parus major,https://upload.wikimedia.org/wikipedia/commons/thumb/1/12/Great_tit_%28Parus_major%29_Heligan.jpg/330px-Great_tit_%28Parus_major%29_Heligan.jpg?utm_source=en.wikipedia.org&utm_campaign=api&utm_content=thumbnail,"The great tit is a small passerine bird in the tit family Paridae. It is widespread and common throughout Europe, the Middle East, Central Asia and as far east as the Amur River. It also occurs in parts of North Africa where it is generally resident in any sort of woodland. Most great tits do not migrate, except in extremely harsh winters. Until 2005 this species was lumped with numerous other subspecies. However, DNA studies have revealed that these subspecies are distinct from the great tit, and they have now been classified as two distinct species, the cinereous tit of southern Asia, and the Japanese tit of East Asia. The great tit remains the most widespread species in the genus Parus.",LC,Least Concern
Common Chaffinch,Fringilla coelebs,https://upload.wikimedia.org/wikipedia/commons/thumb/a/a0/Male_Chaffinch_-_Fringilla_coelebs.jpg/330px-Male_Chaffinch_-_Fringilla_coelebs.jpg?utm_source=en.wikipedia.org&utm_campaign=api&utm_content=thumbnail,"The Eurasian chaffinch, common chaffinch, or simply the chaffinch is a common and widespread small passerine bird – in the finch family. The male is brightly coloured with a blue-grey cap and rust-red underparts. The female is more subdued in colouring, but both sexes have two contrasting white wing bars and white sides to the tail. The male bird has a strong voice and sings from exposed perches to attract a mate.",LC,Least Concern
European Goldfinch,Carduelis carduelis,https://upload.wikimedia.org/wikipedia/commons/thumb/e/eb/072_Wild_European_goldfinch_at_the_Parc_Jura_vaudois_Photo_by_Giles_Laurent.jpg/330px-072_Wild_European_goldfinch_at_the_Parc_Jura_vaudois_Photo_by_Giles_Laurent.jpg?utm_source=en.wikipedia.org&utm_campaign=api&utm_content=thumbnail,"The European goldfinch, or simply goldfinch, is a small passerine bird in the finch family that is native to the Palearctic zone in Europe, northern Africa, and western Asia. It has been introduced to other areas, including Australia, New Zealand, Uruguay and the United States.",LC,Least Concern
Common Buzzard,Buteo buteo,https://upload.wikimedia.org/wikipedia/commons/thumb/4/47/Common_Buzzard_by_caroline_legg_%28cropped%29.jpg/330px-Common_Buzzard_by_caroline_legg_%28cropped%29.jpg?utm_source=en.wikipedia.org&utm_campaign=api&utm_content=thumbnail,"The common buzzard is a medium-sized bird of prey with a large range. It is a member of the genus Buteo in the family Accipitridae. The species lives in most of Europe and extends its breeding range across much of the Palearctic as far as northwestern China, far western Siberia and northwestern Mongolia. Over much of its range, it is a year-round resident. However, buzzards from the colder parts of the Northern Hemisphere as well as those that breed in the eastern part of their range typically migrate south for the northern winter, many journeying as far as South Africa.",LC,Least Concern
Eurasian Nuthatch,Sitta europaea,https://thumb.wikimedia.org/wikipedia/commons/thumb/9/91/Kleiber_Sitta_europaea-0447.jpg/330px-Kleiber_Sitta_europaea-0447.jpg?utm_source=en.wikipedia.org&utm_campaign=api&utm_content=thumbnail,"The Eurasian nuthatch, wood nuthatch, or simply nuthatch, is a small passerine bird found throughout the Palearctic and in Europe. Like other nuthatches, it is a short-tailed bird with a long bill, blue-gray upperparts and a black eye-stripe. It is a vocal bird with a repeated loud dwip call. There are more than 20 subspecies in three main groups; birds in the west of the range have orange-buff underparts and a white throat, those in Russia have whitish underparts, and those in the east have a similar appearance to European birds, but lack the white throat.",LC,Least Concern
Herring Gull,Larus argentatus,https://upload.wikimedia.org/wikipedia/commons/thumb/2/2b/European_herring_gull_vocalizing_%2800170%29.jpg/330px-European_herring_gull_vocalizing_%2800170%29.jpg?utm_source=en.wikipedia.org&utm_campaign=api&utm_content=thumbnail,"The European herring gull or simply herring gull is a large gull, up to 66 cm (26 in) long. It breeds throughout the northern and western coasts of Europe. Some European herring gulls, especially those resident in colder areas, migrate farther south in winter, but many are permanent residents, such as in Ireland, Britain, Iceland, or on the North Sea shores. They have a varied diet, including fish, crustaceans, as well as some plants, and are also scavengers, consuming carrion and food left by or stolen from humans.",LC,Least Concern
Eurasian Wren,Troglodytes troglodytes,https://upload.wikimedia.org/wikipedia/commons/thumb/7/7c/Eurasian_wren_Franconville_02.jpg/330px-Eurasian_wren_Franconville_02.jpg?utm_source=en.wikipedia.org&utm_campaign=api&utm_content=thumbnail,"The Eurasian wren is a very small insectivorous bird and the only member of the wren family found in the Old World, specifically in Eurasia and Africa (Maghreb). In Anglophone Europe, it is commonly known simply as the wren. It has a very short tail which is often held erect, a short neck and a relatively long thin bill. It is russet brown above, paler buff-brown below, overall finely barred darker, and has a cream buff supercilium. The sexes are alike.",LC,Least Concern
Common Starling,Sturnus vulgaris,https://thumb.wikimedia.org/wikipedia/commons/thumb/a/af/Common_starling_%28Sturnus_vulgaris%29_breeding_male_Marken.jpg/330px-Common_starling_%28Sturnus_vulgaris%29_breeding_male_Marken.jpg?utm_source=en.wikipedia.org&utm_campaign=api&utm_content=thumbnail,"The common starling, also known simply as the starling in Great Britain and Ireland, and as the European starling in North America, is a medium-sized passerine bird in the starling family, Sturnidae. It is about 20 cm (8 in) long and has glossy black plumage with a metallic sheen, which is speckled with white at some times of the year. The legs are pink and the bill is black in winter and yellow in summer; young birds have browner plumage than the adults. Its gift for mimicry has been noted in literature including the Mabinogion and the works of Pliny the Elder and William Shakespeare.",LC,Least Concern
Common Woodpigeon,Columba palumbus,https://thumb.wikimedia.org/wikipedia/commons/thumb/3/33/Columba_palumbus_EM1B1397_%2827445478998%29.jpg/330px-Columba_palumbus_EM1B1397_%2827445478998%29.jpg?utm_source=en.wikipedia.org&utm_campaign=api&utm_content=thumbnail,"The common wood pigeon, also known simply as the wood pigeon, is a large pigeon native to the western Palearctic. It belongs to the genus Columba, which includes closely related species such as the rock dove. It has a flexible diet, feeding mainly on plant material, including cereals, and is therefore considered an agricultural pest. Wood pigeons are extensively hunted over much of their range, but this does not appear to have a major impact on their population numbers.",LC,Least Concern
Common Gull,Larus canus,https://thumb.wikimedia.org/wikipedia/commons/thumb/b/b1/Larus_canus_Common_Gull_in_Norway.jpg/330px-Larus_canus_Common_Gull_in_Norway.jpg?utm_source=en.wikipedia.org&utm_campaign=api&utm_content=thumbnail,"The common gull is a gull that breeds in cool temperate regions of the Palearctic from Iceland and Scotland east to Kamchatka in the Russian Far East. Most common gulls migrate further south in winter, reaching the Mediterranean Sea, the southern Caspian Sea, and the seas around China and Japan; northwest European populations are at least partly resident. The closely related short-billed gull was formerly often included in this species, which was then sometimes known collectively as ""mew gull"".",LC,Least Concern
European Shag,Gulosus aristotelis,https://upload.wikimedia.org/wikipedia/commons/thumb/6/63/Shag_Phalacrocorax_aristotelis.jpg/330px-Shag_Phalacrocorax_aristotelis.jpg?utm_source=en.wikipedia.org&utm_campaign=api&utm_content=thumbnail,"The European shag or common shag is a species of cormorant. It is the only member of the monotypic genus Gulosus. It breeds around the rocky coasts of western and southern Europe, southwest Asia and north Africa, mainly wintering in its breeding range except for the northernmost birds. In Britain this seabird is usually referred to as simply the shag. The scientific genus name derives from the Latin for glutton. The species name aristotelis commemorates the Greek philosopher Aristotle.",LC,Least Concern
Ring-necked Parakeet,Psittacula krameri,https://thumb.wikimedia.org/wikipedia/commons/thumb/6/69/African_Rose-ringed_Parakeet%2C_Tendaba%2C_Gambia_1.jpg/330px-African_Rose-ringed_Parakeet%2C_Tendaba%2C_Gambia_1.jpg?utm_source=en.wikipedia.org&utm_campaign=api&utm_content=thumbnail,"The rose-ringed parakeet, also known as the ring-necked parakeet, or colloquially as the Indian Ringneck, is a medium-sized parrot in the genus Psittacula, of the family Psittaculidae. It has a disjunct native range in tropical northern Africa and the Indian subcontinent, and is now introduced into many other parts of the world where populations have established themselves having been bred for the exotic pet trade and then escaped.",LC,Least Concern
Red-billed Chough,Pyrrhocorax pyrrhocorax,https://upload.wikimedia.org/wikipedia/commons/thumb/1/12/Bran_goesgoch_Pyrrhocorax_pyrrhocorax.jpg/330px-Bran_goesgoch_Pyrrhocorax_pyrrhocorax.jpg?utm_source=en.wikipedia.org&utm_campaign=api&utm_content=thumbnail,"The red-billed chough, Cornish chough or simply chough is a bird in the crow family, one of only two species in the genus Pyrrhocorax. Its eight subspecies breed on mountains and coastal cliffs from the western coasts of Ireland and Britain east through southern Europe, North Africa and Middle East to Central Asia, India and China.",LC,Least Concern
Long-tailed Tit,Aegithalos caudatus,https://thumb.wikimedia.org/wikipedia/commons/thumb/4/4c/%D0%94%D0%BE%D0%B2%D0%B3%D0%BE%D1%85%D0%B2%D0%BE%D1%81%D1%82%D0%B0_2.jpg/330px-%D0%94%D0%BE%D0%B2%D0%B3%D0%BE%D1%85%D0%B2%D0%BE%D1%81%D1%82%D0%B0_2.jpg?utm_source=en.wikipedia.org&utm_campaign=api&utm_content=thumbnail,"The long-tailed tit or long-tailed bushtit is a common bird species belonging to the bushtit family found throughout Eurasia. An insectivore, it inhabits deciduous and mixed woodlands as well as scrub, heathland, farmland, parks and gardens. The plumage of this small long-tailed bird is predominantly black and white with varying amounts of pink and grey. Northern subspecies are paler and have completely white heads, lacking the large dark eyebrows of southern populations. It is a social bird that forms compact family flocks of six to seventeen individuals outside of the breeding season, when these flocks break up. It has a strong preference for nesting in scrub areas and often builds its nest in thorny bushes less than 3 metres above the ground.",LC,Least Concern
Ring-necked Pheasant,Phasianus colchicus,https://thumb.wikimedia.org/wikipedia/commons/thumb/f/f7/Phasianus_colchicus_Oulu_20200524_02.jpg/330px-Phasianus_colchicus_Oulu_20200524_02.jpg?utm_source=en.wikipedia.org&utm_campaign=api&utm_content=thumbnail,"The common pheasant, ring-necked pheasant, or blue-headed pheasant, is a bird in the pheasant family (Phasianidae). The genus name comes from Latin phasianus 'pheasant'. The species name colchicus is Latin for 'of Colchis', a country on the Black Sea where pheasants became known to Europeans. Although Phasianus was previously thought to be closely related to the genus Gallus, the genus of junglefowl and domesticated chickens, recent studies show that they are in different subfamilies, having diverged over 20 million years ago.",LC,Least Concern
Eurasian Magpie,Pica pica,https://thumb.wikimedia.org/wikipedia/commons/thumb/e/eb/Eurasian_magpie_2024_03_03_02.jpg/330px-Eurasian_magpie_2024_03_03_02.jpg?utm_source=en.wikipedia.org&utm_campaign=api&utm_content=thumbnail,"The Eurasian magpie or common magpie is a resident breeding bird throughout the northern part of the Eurasian continent. It is one of several birds in the crow family (corvids) that are designated as magpies, and it belongs to the Holarctic radiation of ""monochrome"" magpies. In Europe, the term ""magpie"" is used by English speakers as a synonym for the Eurasian magpie; the only other species of magpie in Europe is the Iberian magpie, which is restricted to the Iberian Peninsula. Despite sharing a name and similar colouration, they are not closely related to the Australian magpie, which is an artamid, only sharing the same clade (Corvides).",LC,Least Concern
Carrion Crow,Corvus corone,https://upload.wikimedia.org/wikipedia/commons/thumb/9/9d/Carrion_crow_2022_04_05_05_02.jpg/330px-Carrion_crow_2022_04_05_05_02.jpg?utm_source=en.wikipedia.org&utm_campaign=api&utm_content=thumbnail,"The carrion crow is a passerine bird of the family Corvidae, native to western Europe and the eastern Palearctic. Along with the hooded crow, the carrion crow occupies a similar ecological niche in Eurasia to the American crow in North America. The two species look very similar to one another, but can be differentiated by size, as the carrion crow is larger and of a stockier build compared to the American crow.",LC,Least Concern
Eurasian Jackdaw,Coloeus monedula,https://upload.wikimedia.org/wikipedia/commons/thumb/8/8c/Nordic_jackdaw_%2852563242448%29.jpg/330px-Nordic_jackdaw_%2852563242448%29.jpg?utm_source=en.wikipedia.org&utm_campaign=api&utm_content=thumbnail,"The western jackdaw, also known as the Eurasian jackdaw, the European jackdaw, or simply the jackdaw, is a passerine bird in the crow family. It is found across Europe, western Asia and western North Africa; it is mostly resident, although northern and eastern populations migrate south in the winter. Four subspecies are recognised, which differ mainly in the darker or paler greyscale of the plumage on the head and nape. Linnaeus first described it formally, giving it the name Corvus monedula. The common name derives from the word jack, denoting ""small"", and daw, a less common synonym for ""jackdaw"", and the native English name for the bird.",NE,Not Evaluated
Common Chiffchaff,Phylloscopus collybita,https://thumb.wikimedia.org/wikipedia/commons/thumb/8/85/Common_Chiffchaff_2025_04_04_01.jpg/330px-Common_Chiffchaff_2025_04_04_01.jpg?utm_source=en.wikipedia.org&utm_campaign=api&utm_content=thumbnail,"The common chiffchaff, or simply the chiffchaff, is a common and widespread leaf warbler which breeds in open woodlands throughout northern and temperate Europe and the Palearctic.",LC,Least Concern
Rose-ringed Parakeet,Psittacula krameri,https://thumb.wikimedia.org/wikipedia/commons/thumb/6/69/African_Rose-ringed_Parakeet%2C_Tendaba%2C_Gambia_1.jpg/330px-African_Rose-ringed_Parakeet%2C_Tendaba%2C_Gambia_1.jpg?utm_source=en.wikipedia.org&utm_campaign=api&utm_content=thumbnail,"The rose-ringed parakeet, also known as the ring-necked parakeet, or colloquially as the Indian Ringneck, is a medium-sized parrot in the genus Psittacula, of the family Psittaculidae. It has a disjunct native range in tropical northern Africa and the Indian subcontinent, and is now introduced into many other parts of the world where populations have established themselves having been bred for the exotic pet trade and then escaped.",LC,Least Concern
Eurasian Oystercatcher,Haematopus ostralegus,https://thumb.wikimedia.org/wikipedia/commons/thumb/5/51/Haematopus_ostralegus_He.jpg/330px-Haematopus_ostralegus_He.jpg?utm_source=en.wikipedia.org&utm_campaign=api&utm_content=thumbnail,"The Eurasian oystercatcher or European oystercatcher, also known as the common pied oystercatcher, or just oystercatcher, is a wader in the oystercatcher bird family Haematopodidae. It has striking black and white plumage, a long straight orange-red bill, red eyes and relatively short dull pink legs. The sexes are similar in appearance but the bill of the female is longer than that of the male.",NT,Near Threatened
Great Black-backed Gull,Larus marinus,https://thumb.wikimedia.org/wikipedia/commons/thumb/c/c6/Great_Black-backed_Gull_Larus_marinus.jpg/330px-Great_Black-backed_Gull_Larus_marinus.jpg?utm_source=en.wikipedia.org&utm_campaign=api&utm_content=thumbnail,"The great black-backed gull is the largest member of the gull and tern family Laridae. It is a very aggressive hunter, pirate and scavenger which breeds on the North Atlantic coasts and islands of northern Europe and northeastern North America. Southern populations are generally sedentary, while those breeding in the far north migrate farther south in winter. A few also move inland to large lakes and reservoirs. The adult has a white head, neck and underparts, dark blackish-grey wings and back, pink legs and the bill yellow with a red spot.",LC,Least Concern
Eurasian Green Woodpecker,Picus viridis,https://thumb.wikimedia.org/wikipedia/commons/thumb/c/c5/European_green_woodpecker_%28Picus_viridis%29_female_Barnes.jpg/330px-European_green_woodpecker_%28Picus_viridis%29_female_Barnes.jpg?utm_source=en.wikipedia.org&utm_campaign=api&utm_content=thumbnail,"The European green woodpecker, also known as the yaffle and sometimes called a nickle, is a large green woodpecker with a bright red crown and a black moustache. Males have a red centre to the moustache stripe which is absent in females. It is resident across much of Europe and the western Palearctic but in Spain and Portugal it is replaced by the similar Iberian green woodpecker.",LC,Least Concern
Song Thrush,Turdus philomelos,https://thumb.wikimedia.org/wikipedia/commons/thumb/1/1e/%D0%9F%D0%B5%D0%B2%D1%87%D0%B8%D0%B9_%D0%B4%D1%80%D0%BE%D0%B7%D0%B4_%D0%BD%D0%B0_%D0%BF%D0%B5%D0%BD%D1%8C%D0%BA%D0%B5_%28Turdus_philomelos%29%2C_%D0%91%D0%B8%D1%82%D1%86%D0%B5%D0%B2%D1%81%D0%BA%D0%B8%D0%B9_%D0%BB%D0%B5%D1%81.jpg/330px-%D0%9F%D0%B5%D0%B2%D1%87%D0%B8%D0%B9_%D0%B4%D1%80%D0%BE%D0%B7%D0%B4_%D0%BD%D0%B0_%D0%BF%D0%B5%D0%BD%D1%8C%D0%BA%D0%B5_%28Turdus_philomelos%29%2C_%D0%91%D0%B8%D1%82%D1%86%D0%B5%D0%B2%D1%81%D0%BA%D0%B8%D0%B9_%D0%BB%D0%B5%D1%81.jpg?utm_source=en.wikipedia.org&utm_campaign=api&utm_content=thumbnail,"The song thrush is a thrush that breeds across the West Palearctic. It has brown upperparts and black-spotted cream or buff underparts and has four recognised subspecies. Its distinctive song, which features repeated musical phrases, has frequently been referenced in poetry.",LC,Least Concern
European Greenfinch,Chloris chloris,https://thumb.wikimedia.org/wikipedia/commons/thumb/2/29/Chloris_chloris_%28profile%29.jpg/330px-Chloris_chloris_%28profile%29.jpg?utm_source=en.wikipedia.org&utm_campaign=api&utm_content=thumbnail,The European greenfinch or simply the greenfinch is a small passerine bird in the finch family Fringillidae.,,
Yellowhammer,Emberiza citrinella,https://thumb.wikimedia.org/wikipedia/commons/thumb/6/62/Goldammer_Emberiza_citrinella.jpg/330px-Goldammer_Emberiza_citrinella.jpg?utm_source=en.wikipedia.org&utm_campaign=api&utm_content=thumbnail,"The yellowhammer is a passerine bird in the bunting family that is native to Eurasia and has been introduced to New Zealand and Australia. Most European birds remain in the breeding range year-round, but the eastern subspecies is partially migratory, with much of the population wintering further south. The male yellowhammer has a bright yellow head, streaked brown back, chestnut rump, and yellow under parts. Other plumages are duller versions of the same pattern. The yellowhammer is common in open areas with some shrubs or trees, and forms small flocks in winter. Its song has a rhythm like ""A little bit of bread and no cheese"". The song is very similar to that of its closest relative, the pine bunting, with which it interbreeds.",LC,Least Concern
Common Merganser,Mergus merganser,https://thumb.wikimedia.org/wikipedia/commons/thumb/9/9f/Mergus_merganser_merganser_2078_%285561922560%29.jpg/330px-Mergus_merganser_merganser_2078_%285561922560%29.jpg?utm_source=en.wikipedia.org&utm_campaign=api&utm_content=thumbnail,"The common merganser or goosander is a large sea duck of rivers and lakes in forested areas of Europe, Asia, and North America. The common merganser eats mainly fish. It nests in holes in trees. The name ""common merganser"" is used in North America, while ""goosander"" is used in Eurasia.",LC,Least Concern
Common Wood-Pigeon,Columba palumbus,https://thumb.wikimedia.org/wikipedia/commons/thumb/3/33/Columba_palumbus_EM1B1397_%2827445478998%29.jpg/330px-Columba_palumbus_EM1B1397_%2827445478998%29.jpg?utm_source=en.wikipedia.org&utm_campaign=api&utm_content=thumbnail,"The common wood pigeon, also known simply as the wood pigeon, is a large pigeon native to the western Palearctic. It belongs to the genus Columba, which includes closely related species such as the rock dove. It has a flexible diet, feeding mainly on plant material, including cereals, and is therefore considered an agricultural pest. Wood pigeons are extensively hunted over much of their range, but this does not appear to have a major impact on their population numbers.",LC,Least Concern
Eurasian Collared-Dove,Streptopelia decaocto,https://thumb.wikimedia.org/wikipedia/commons/thumb/f/fa/2022-04-06_Streptopelia_decaocto%2C_Plovdiv%2C_Bulgaria_1.jpg/330px-2022-04-06_Streptopelia_decaocto%2C_Plovdiv%2C_Bulgaria_1.jpg?utm_source=en.wikipedia.org&utm_campaign=api&utm_content=thumbnail,"The Eurasian collared dove, often called the collared dove, is a dove species from the genus Streptopelia. It is grey-buff to pinkish-grey, and has a black half-collar edged with white on its nape, alluding to the name. It is native to Europe, Asia, and North Africa. It has also been introduced to Japan, North and Central America, and select Caribbean islands.",LC,Least Concern
Rook,Corvus frugilegus,https://thumb.wikimedia.org/wikipedia/commons/thumb/a/af/Rook_%28Corvus_frugilegus%29_Heligan.jpg/330px-Rook_%28Corvus_frugilegus%29_Heligan.jpg?utm_source=en.wikipedia.org&utm_campaign=api&utm_content=thumbnail,"The rook is a member of the family Corvidae in the passerine order of birds. It is found in the Palearctic, its range extending from Scandinavia and western Europe to eastern Siberia. It is a large, gregarious, black-feathered bird, distinguished from similar species by the whitish featherless area on the face. Rooks nest collectively in the tops of tall trees, often close to farms or villages; the groups of nests are known as rookeries.",LC,Least Concern
Great Cormorant,Phalacrocorax carbo,https://thumb.wikimedia.org/wikipedia/commons/thumb/c/c3/2021-05-05_Phalacrocorax_carbo_carbo%2C_Killingworth_Lake%2C_Northumberland_1-1.jpg/330px-2021-05-05_Phalacrocorax_carbo_carbo%2C_Killingworth_Lake%2C_Northumberland_1-1.jpg?utm_source=en.wikipedia.org&utm_campaign=api&utm_content=thumbnail,"The great cormorant, also known as just cormorant in Britain, as black shag or kawau in New Zealand, formerly also known as the great black cormorant across the Northern Hemisphere, the black cormorant in Australia, and the large cormorant in India, is a widespread member of the cormorant family of seabirds. It breeds in much of the Old World, Australasia, and the Atlantic coast of North America.",LC,Least Concern
European Herring Gull,Larus argentatus,https://thumb.wikimedia.org/wikipedia/commons/thumb/2/2b/European_herring_gull_vocalizing_%2800170%29.jpg/330px-European_herring_gull_vocalizing_%2800170%29.jpg?utm_source=en.wikipedia.org&utm_campaign=api&utm_content=thumbnail,"The European herring gull or simply herring gull is a large gull, up to 66 cm (26 in) long. It breeds throughout the northern and western coasts of Europe. Some European herring gulls, especially those resident in colder areas, migrate farther south in winter, but many are permanent residents, such as in Ireland, Britain, Iceland, or on the North Sea shores. They have a varied diet, including fish, crustaceans, as well as some plants, and are also scavengers, consuming carrion and food left by or stolen from humans.",LC,Least Concern
Common Magpie,Pica pica,https://thumb.wikimedia.org/wikipedia/commons/thumb/e/eb/Eurasian_magpie_2024_03_03_02.jpg/330px-Eurasian_magpie_2024_03_03_02.jpg?utm_source=en.wikipedia.org&utm_campaign=api&utm_content=thumbnail,"The Eurasian magpie or common magpie is a resident breeding bird throughout the northern part of the Eurasian continent. It is one of several birds in the crow family (corvids) that are designated as magpies, and it belongs to the Holarctic radiation of ""monochrome"" magpies. In Europe, the term ""magpie"" is used by English speakers as a synonym for the Eurasian magpie; the only other species of magpie in Europe is the Iberian magpie, which is restricted to the Iberian Peninsula. Despite sharing a name and similar colouration, they are not closely related to the Australian magpie, which is an artamid, only sharing the same clade (Corvides).",LC,Least Concern
